metric,mode,fold,model,n_train,n_test,zero_change_frac,y_std,skill_vs_zero,r2,mae,median_ae,spearman,direction_acc,majority_direction,decile_top_mean,decile_bottom_mean,decile_spread,decile_spread_median
current_assets,group_cv,0,B0_zero,55847,13962,0.04941985388912763,1.3183092780505068,0.0,-7.196024798239442e-05,0.665675360028727,0.28311752340058666,,0.0,0.5160488245931284,,,,
current_assets,group_cv,0,B1_train_mean,55847,13962,0.04941985388912763,1.3183092780505068,-4.769709712415526e-05,-0.00011966077740166448,0.6670818211723358,0.2813558900750446,,0.5160488245931284,0.5160488245931284,,,,
current_assets,group_cv,0,B2_group_mean,55847,13962,0.04941985388912763,1.3183092780505068,0.00028001727550885924,0.00020807717763904332,0.6688780585396463,0.28252182609406773,0.041893645268896294,0.5301386377335744,0.5160488245931284,0.14390268117504104,-0.006665702523930227,0.15056838369897127,0.0238868523947157
current_assets,group_cv,0,B3_gbm,55847,13962,0.04941985388912763,1.3183092780505068,0.09760503809152643,0.09754010152628934,0.6983034512960496,0.34414575225228183,0.16320301097406373,0.543701024713683,0.5160488245931284,1.007516134327445,-0.328567052539235,1.33608318686668,0.0339874630836857
current_assets,group_cv,1,B0_zero,55847,13962,0.047127918636298526,1.2573678794483372,0.0,-0.00026105601066794826,0.6439446191748739,0.2898441755490024,,0.0,0.5166867107636801,,,,
current_assets,group_cv,1,B1_train_mean,55847,13962,0.047127918636298526,1.2573678794483372,0.00025527641376021926,-5.712955465586589e-06,0.6450281792636938,0.288777860173246,,0.5166867107636801,0.5166867107636801,,,,
current_assets,group_cv,1,B2_group_mean,55847,13962,0.047127918636298526,1.2573678794483372,0.0007780378039984326,0.0005171849047757027,0.6463996503835163,0.28932962288457276,0.046510922158350704,0.5261575466025256,0.5166867107636801,0.10388971747881086,-0.10162728532386221,0.20551700280267307,0.0416932796228213
current_assets,group_cv,1,B3_gbm,55847,13962,0.047127918636298526,1.2573678794483372,0.09432324236010081,0.0940868099987966,0.6758311778325033,0.34361863567041057,0.15204598497037805,0.5360042092603728,0.5166867107636801,0.9515798392919965,-0.268669355425528,1.2202491947175245,0.0668006882213941
current_assets,group_cv,2,B0_zero,55847,13962,0.05192665807190947,1.2812201768389235,0.0,-0.0005950435535013732,0.6596350427984531,0.2899555175359678,,0.0,0.5149202991614414,,,,
current_assets,group_cv,2,B1_train_mean,55847,13962,0.05192665807190947,1.2812201768389235,0.0005254134391372567,-6.931747048422032e-05,0.6606607249362418,0.28948299599764915,,0.5149202991614414,0.5149202991614414,,,,
current_assets,group_cv,2,B2_group_mean,55847,13962,0.05192665807190947,1.2812201768389235,0.001155962189038906,0.0005616064833861012,0.6623943490651372,0.28840185848807937,0.04737184730783509,0.5280652715872176,0.5149202991614414,0.12230650470277267,-0.08200074188989659,0.20430724659266924,0.0019186446498941
current_assets,group_cv,2,B3_gbm,55847,13962,0.05192665807190947,1.2812201768389235,0.10977851055459176,0.10924878999610876,0.6860589987535478,0.34362751155129134,0.17786580966402574,0.5474805469517262,0.5149202991614414,1.1028218667142453,-0.311793143341057,1.4146150100553023,0.0404326941568466
current_assets,group_cv,3,B0_zero,55847,13962,0.04848875519266581,1.3146418307784873,0.0,-0.000999081418932679,0.6570056056669491,0.27904894529606133,,0.0,0.5227700414000753,,,,
current_assets,group_cv,3,B1_train_mean,55847,13962,0.04848875519266581,1.3146418307784873,0.0006777190527771371,-0.0003206852696426843,0.6575838701062772,0.27908350548832583,,0.5227700414000753,0.5227700414000753,,,,
current_assets,group_cv,3,B2_group_mean,55847,13962,0.04848875519266581,1.3146418307784873,0.00023721105316887314,-0.0007616333726081503,0.6602140662191577,0.2795440838668013,0.02786291726975295,0.5217914941663531,0.5227700414000753,0.07483425248568323,-0.015557213584441646,0.09039146607012488,0.0112621387157982
current_assets,group_cv,3,B3_gbm,55847,13962,0.04848875519266581,1.3146418307784873,0.11151219618637964,0.1106245245306412,0.682649128812696,0.3284926638256045,0.178138139762347,0.5374482499059089,0.5227700414000753,1.0986645623257025,-0.32826146317702104,1.4269260255027236,0.10275860667847331
current_assets,group_cv,4,B0_zero,55848,13961,0.048134087816059025,1.2663097798545146,0.0,-5.385020550985331e-05,0.6545612005532844,0.2878929869503146,,0.0,0.5242681917375273,,,,
current_assets,group_cv,4,B1_train_mean,55848,13961,0.048134087816059025,1.2663097798545146,-0.00012181664256116775,-0.00017567340792234987,0.6556269306395043,0.28517959331269993,,0.5242681917375273,0.5242681917375273,,,,
current_assets,group_cv,4,B2_group_mean,55848,13961,0.048134087816059025,1.2663097798545146,0.0010210333901785607,0.0009672381675265296,0.6566352163120992,0.28670480086791517,0.054501442534407016,0.5304387087064489,0.5242681917375273,0.14078872556370906,-0.07969497171894849,0.22048369728265754,0.05053961776859675
current_assets,group_cv,4,B3_gbm,55848,13961,0.048134087816059025,1.2663097798545146,0.09156508600350866,0.09151616659669759,0.6827879253924528,0.33818144240132064,0.165303009514671,0.5219354353224471,0.5242681917375273,0.9274069995778244,-0.304316151974021,1.2317231515518454,0.05069167749131495
current_assets,time_holdout,0,B0_zero,61731,8078,0.05038375835602872,1.3316757239761579,0.0,-0.001013120875428264,0.6912546527118429,0.30554813973411665,,0.0,0.5202711510885152,,,,
current_assets,time_holdout,0,B1_train_mean,61731,8078,0.05038375835602872,1.3316757239761579,0.000733469708173784,-0.0002789080737817251,0.6921030431142215,0.30517388022621716,,0.5202711510885152,0.5202711510885152,,,,
current_assets,time_holdout,0,B2_group_mean,61731,8078,0.05038375835602872,1.3316757239761579,0.001691816709659122,0.0006804098490567068,0.6939715218969637,0.30317439802690044,0.039065813665727915,0.5295267892061009,0.5202711510885152,0.061796875427484035,-0.07606113368407422,0.13785800911155827,0.0
current_assets,time_holdout,0,B3_gbm,61731,8078,0.05038375835602872,1.3316757239761579,0.129654311197401,0.12877254581123598,0.7064323898725858,0.3572839145140352,0.18377018280244706,0.5359144831182375,0.5202711510885152,1.1854815496631879,-0.3259334307110362,1.511414980374224,0.25639256822824696
fixed_assets,group_cv,0,B0_zero,32153,8039,0.23734295310361986,1.2957778549097818,0.0,-0.000714387082796808,0.4762190215376454,0.1624608768730535,,0.0,0.6618822378078617,,,,
fixed_assets,group_cv,0,B1_train_mean,32153,8039,0.23734295310361986,1.2957778549097818,0.0007107940278110458,-3.085272913816439e-06,0.47940420047528026,0.14559871489249515,,0.6618822378078617,0.6618822378078617,,,,
fixed_assets,group_cv,0,B2_group_mean,32153,8039,0.23734295310361986,1.2957778549097818,0.0003891070409300923,-0.00032500206882279947,0.48419835297574015,0.14753405081117807,0.14984886431888134,0.5751100962322623,0.6618822378078617,0.13831849503246763,-0.07874397310755958,0.21706246814002722,0.0898684094618582
fixed_assets,group_cv,0,B3_gbm,32153,8039,0.23734295310361986,1.2957778549097818,0.04629192682739114,0.04561061009915757,0.5162965484086005,0.1616044767171603,0.15195257431069986,0.6489969009949438,0.6618822378078617,0.5161523782374474,-0.16145966989956034,0.6776120481370078,0.00171140065237015
fixed_assets,group_cv,1,B0_zero,32153,8039,0.23784052742878467,1.3361694967962243,0.0,-8.940772000376462e-05,0.46905242111487794,0.1623139904664192,,0.0,0.6631304063979109,,,,
fixed_assets,group_cv,1,B1_train_mean,32153,8039,0.23784052742878467,1.3361694967962243,-0.0002669318224182149,-0.00035636340818778756,0.47314555083410753,0.1388976722023123,,0.6631304063979109,0.6631304063979109,,,,
fixed_assets,group_cv,1,B2_group_mean,32153,8039,0.23784052742878467,1.3361694967962243,0.00039372263567039045,0.00030435011750973295,0.47646057266431197,0.13840759605728445,0.15244487780866833,0.615635710788314,0.6631304063979109,0.1544703760458385,-0.1546705776930026,0.3091409537388411,0.0445985161427007
fixed_assets,group_cv,1,B3_gbm,32153,8039,0.23784052742878467,1.3361694967962243,0.057031540994537,0.056947232334581877,0.5143830040645827,0.1700727181808019,0.15738059106041216,0.63571078831402,0.6631304063979109,0.6239047960178543,-0.2426953676388719,0.8666001636567262,0.0024054538867880997
fixed_assets,group_cv,2,B0_zero,32154,8038,0.23500870863398857,1.2199323513511364,0.0,-0.0006968345299838141,0.43892885228846595,0.16253589459202056,,0.0,0.667262969588551,,,,
fixed_assets,group_cv,2,B1_train_mean,32154,8038,0.23500870863398857,1.2199323513511364,0.0006959595748111669,-3.8998650953026015e-07,0.44184377399751346,0.14839620403581594,,0.667262969588551,0.667262969588551,,,,
fixed_assets,group_cv,2,B2_group_mean,32154,8038,0.23500870863398857,1.2199323513511364,0.0008841669905483851,0.0001879485786537849,0.44586690739956536,0.14610946703458252,0.14570541775587528,0.6181492925678972,0.667262969588551,0.05588263804907229,-0.157720617491056,0.2136032555401283,0.021361002530817047
fixed_assets,group_cv,2,B3_gbm,32154,8038,0.23500870863398857,1.2199323513511364,0.06849930952014616,0.06785020767431604,0.4801773641160362,0.16293619602137055,0.14775721949881454,0.6493738819320215,0.667262969588551,0.556501967405483,-0.18714344004454894,0.7436454074500319,0.0
fixed_assets,group_cv,3,B0_zero,32154,8038,0.241602388653894,1.2459649598690243,0.0,-0.001346092722267711,0.4640720320019116,0.16247846384097997,,0.0,0.6576443569553806,,,,
fixed_assets,group_cv,3,B1_train_mean,32154,8038,0.241602388653894,1.2459649598690243,0.0011770076758227388,-0.00016750068497861648,0.46700601561704624,0.1506597151213382,,0.6576443569553806,0.6576443569553806,,,,
fixed_assets,group_cv,3,B2_group_mean,32154,8038,0.241602388653894,1.2459649598690243,0.0003659857636724162,-0.0009796143078224517,0.47288257235019554,0.14411548206315422,0.17105343316867114,0.6225393700787402,0.6576443569553806,0.021963292296164495,-0.15739580057851638,0.17935909287468088,0.0834482861109786
fixed_assets,group_cv,3,B3_gbm,32154,8038,0.241602388653894,1.2459649598690243,0.04394677896394683,0.04265984268100953,0.4991192734644049,0.16466020459723882,0.17283873630103785,0.6468175853018373,0.6576443569553806,0.4886580532175442,-0.27189381946042535,0.7605518726779695,0.019166815473807802
fixed_assets,group_cv,4,B0_zero,32154,8038,0.2478228415028614,1.2807234495287896,0.0,-0.0009216803468061752,0.46080342865326024,0.1624403639698197,,0.0,0.6604366523321205,,,,
fixed_assets,group_cv,4,B1_train_mean,32154,8038,0.2478228415028614,1.2807234495287896,0.000885778781034241,-3.508516087791236e-05,0.4641516199997933,0.1435709107488234,,0.6604366523321205,0.6604366523321205,,,,
fixed_assets,group_cv,4,B2_group_mean,32154,8038,0.2478228415028614,1.2807234495287896,0.0011601349734913224,0.0002395239002898064,0.4711554128096596,0.14116603929002786,0.14063360613664957,0.6200793913331129,0.6604366523321205,0.1026411360673936,-0.06806833238785051,0.1707094684552441,0.00491867353088345
fixed_assets,group_cv,4,B3_gbm,32154,8038,0.2478228415028614,1.2807234495287896,0.07303644203222082,0.07218207793863629,0.49791368119055934,0.16828269130418722,0.17895812833441094,0.6488587495865035,0.6604366523321205,0.622412802526156,-0.25162872281036297,0.874041525336519,0.0022034018593544
fixed_assets,time_holdout,0,B0_zero,35508,4684,0.22566182749786506,1.165002461098953,0.0,-0.00026865454423563584,0.4435836343042148,0.175290039499413,,0.0,0.6556382685414943,,,,
fixed_assets,time_holdout,0,B1_train_mean,35508,4684,0.22566182749786506,1.165002461098953,9.095684324644804e-05,-0.00017767326502005076,0.44680448027154923,0.1634385758833133,,0.6556382685414943,0.6556382685414943,,,,
fixed_assets,time_holdout,0,B2_group_mean,35508,4684,0.22566182749786506,1.165002461098953,-0.0011786398231887762,-0.0014476110143690768,0.4493267671236596,0.15175137706304453,0.16657782902793025,0.6264130135097877,0.6556382685414943,0.12867714341216405,-0.05204398223511881,0.18072112564728285,0.0803648583095153
fixed_assets,time_holdout,0,B3_gbm,35508,4684,0.22566182749786506,1.165002461098953,0.02589768351063193,0.02563598649675658,0.47810676215483566,0.1682181817633617,0.14394363236115884,0.6341328921974083,0.6556382685414943,0.4918264714524165,-0.1851209450656731,0.6769474165180895,0.0251460066468496
creditors_total,group_cv,0,B0_zero,59214,14804,0.06687381788705755,1.4816005386416473,0.0,-0.002143467183131076,0.6836373889162778,0.25893967145299346,,0.0,0.5721007673374837,,,,
creditors_total,group_cv,0,B1_train_mean,59214,14804,0.06687381788705755,1.4816005386416473,0.002136199039227127,-2.689271366485002e-06,0.6878771433765984,0.2537897752851602,,0.5721007673374837,0.5721007673374837,,,,
creditors_total,group_cv,0,B2_group_mean,59214,14804,0.06687381788705755,1.4816005386416473,0.003097455864396692,0.0009606279762622849,0.6897346597894966,0.25925305504168517,0.023365623514173716,0.5641378311857536,0.5721007673374837,0.17139251917745385,0.0038494924164689513,0.1675430267609849,0.0364730942804314
creditors_total,group_cv,0,B3_gbm,59214,14804,0.06687381788705755,1.4816005386416473,0.13131728285477973,0.1294552899580259,0.7279055942535709,0.349588557316981,0.22983012877760736,0.5481395685536412,0.5721007673374837,1.2661010752519168,-0.3886764311818571,1.654777506433774,0.0607848910691224
creditors_total,group_cv,1,B0_zero,59214,14804,0.06363145095920021,1.5522962692003615,0.0,-0.0030694751971822587,0.711401156431264,0.26966456866286576,,0.0,0.5717068244120618,,,,
creditors_total,group_cv,1,B1_train_mean,59214,14804,0.06363145095920021,1.5522962692003615,0.0029055022953098364,-0.00015505453464159658,0.7143687245615531,0.26417261136223047,,0.5717068244120618,0.5717068244120618,,,,
creditors_total,group_cv,1,B2_group_mean,59214,14804,0.06363145095920021,1.5522962692003615,0.00243316487951184,-0.0006288417784221512,0.7163203641214435,0.26909312403493524,0.02617630047943196,0.5545375847641033,0.5717068244120618,0.13832171449658986,0.011502161334096088,0.12681955316249377,0.0426743834150169
creditors_total,group_cv,1,B3_gbm,59214,14804,0.06363145095920021,1.5522962692003615,0.16984797705648524,0.1672998460121694,0.7459713582233765,0.3505037261869188,0.22776071391284652,0.5445823113547829,0.5717068244120618,1.454544988542691,-0.4416692361450491,1.8962142246877403,0.135311280368219
creditors_total,group_cv,2,B0_zero,59214,14804,0.06518508511213186,1.5474962866438584,0.0,-0.0025265156070846118,0.709377031271831,0.26040426806976846,,0.0,0.5686827082881711,,,,
creditors_total,group_cv,2,B1_train_mean,59214,14804,0.06518508511213186,1.5474962866438584,0.002485978603424699,-3.425613991936416e-05,0.7132903989344941,0.2596614689623858,,0.5686827082881711,0.5686827082881711,,,,
creditors_total,group_cv,2,B2_group_mean,59214,14804,0.06518508511213186,1.5474962866438584,0.0016800494353581552,-0.0008422215006071987,0.7158725104240931,0.2656489747868012,0.017428899087664606,0.5527133463400534,0.5686827082881711,0.1296093345536118,0.013893404084519707,0.11571593046909208,0.0504241761581063
creditors_total,group_cv,2,B3_gbm,59214,14804,0.06518508511213186,1.5474962866438584,0.18124061556008542,0.1791720071968511,0.7411570797924121,0.35350438160335707,0.21610320868920113,0.5441867186935472,0.5686827082881711,1.457141944369288,-0.41267364959184855,1.8698155939611365,0.12593566502254988
creditors_total,group_cv,3,B0_zero,59215,14803,0.06600013510774842,1.5657859801971898,0.0,-0.002138279472886584,0.7118355883532377,0.2621420669329701,,0.0,0.5707362939389556,,,,
creditors_total,group_cv,3,B1_train_mean,59215,14803,0.06600013510774842,1.5657859801971898,0.0021315024765021784,-2.2192483923877404e-06,0.7160177613730144,0.2571805754379332,,0.5707362939389556,0.5707362939389556,,,,
creditors_total,group_cv,3,B2_group_mean,59215,14803,0.06600013510774842,1.5657859801971898,0.0035505243524893704,0.001419836892943671,0.7172436431148527,0.2614047545537445,0.029795849774623476,0.5638651815420223,0.5707362939389556,0.2117484878515822,0.04340600809482567,0.16834247975675654,0.0621829592216531
creditors_total,group_cv,3,B3_gbm,59215,14803,0.06600013510774842,1.5657859801971898,0.18649811098594948,0.1847586165955164,0.743550465661796,0.34774961380954467,0.21899676794331763,0.5381889194271662,0.5707362939389556,1.4552554631403463,-0.45738961755101726,1.9126450806913635,0.0949328924955672
creditors_total,group_cv,4,B0_zero,59215,14803,0.06417618050395191,1.5180201756777227,0.0,-0.0009958941028875845,0.6971416269744922,0.2592157370904768,,0.0,0.5551144156500397,,,,
creditors_total,group_cv,4,B1_train_mean,59215,14803,0.06417618050395191,1.5180201756777227,0.0006479232481061414,-0.0003473255918395868,0.7037189596189107,0.25569601231106115,,0.5551144156500397,0.5551144156500397,,,,
creditors_total,group_cv,4,B2_group_mean,59215,14803,0.06417618050395191,1.5180201756777227,-1.884147750441656e-05,-0.001014754344508484,0.7054639558556801,0.26465954309849693,0.03206699806576823,0.5548978560600591,0.5551144156500397,0.1640974707542909,-0.10260825528171112,0.266705726036002,0.0544093706560335
creditors_total,group_cv,4,B3_gbm,59215,14803,0.06417618050395191,1.5180201756777227,0.1532856599732848,0.15244242215522175,0.7329551240403503,0.34500676828388266,0.21067955611183858,0.5408936692413195,0.5551144156500397,1.3557266401705534,-0.41841725877484376,1.7741438989453973,0.125828302279836
creditors_total,time_holdout,0,B0_zero,65348,8670,0.06608996539792387,1.6167820553035555,0.0,-0.0038436400481312027,0.7480915723773397,0.2739025220646027,,0.0,0.5719402247746079,,,,
creditors_total,time_holdout,0,B1_train_mean,65348,8670,0.06608996539792387,1.6167820553035555,0.003397769160585651,-0.0004328110859257439,0.7515605972652726,0.26663100630418407,,0.5719402247746079,0.5719402247746079,,,,
creditors_total,time_holdout,0,B2_group_mean,65348,8670,0.06608996539792387,1.6167820553035555,0.005074743382494695,0.0012506088212623778,0.7527276177230193,0.27190445339929686,0.02119379996640678,0.564159565271088,0.5719402247746079,0.20649296271187942,0.08073964044967523,0.1257533222622042,0.0335277559421367
creditors_total,time_holdout,0,B3_gbm,65348,8670,0.06608996539792387,1.6167820553035555,0.20148454594039156,0.19841533996211624,0.765189138449271,0.3622969883182464,0.252678802647962,0.5489687538594541,0.5719402247746079,1.7148662331762863,-0.5076916621194466,2.2225578952957328,0.24069308025393338
equity,group_cv,0,B0_zero,63014,15754,0.12447632347340358,4.945262272758363,0.0,-0.00011184831809796236,1.9728402812315369,0.2697529410126007,,0.0,0.5346190096425724,,,,
equity,group_cv,0,B1_train_mean,63014,15754,0.12447632347340358,4.945262272758363,8.285391659679231e-05,-2.8985134429948545e-05,1.9786470872193378,0.2748156190280383,,0.4653809903574277,0.5346190096425724,,,,
equity,group_cv,0,B2_group_mean,63014,15754,0.12447632347340358,4.945262272758363,0.0011974932714710063,0.0010857788909812705,2.0283869469806093,0.33324140936828384,0.03435284934061152,0.5219314144856086,0.5346190096425724,0.3814209998602726,-0.17271254191417984,0.5541335417744524,0.0
equity,group_cv,0,B3_gbm,63014,15754,0.12447632347340358,4.945262272758363,0.14319969313153724,0.14310386145826803,2.5279305625747415,1.1231347455710667,0.05102440924667491,0.4579859348945117,0.5346190096425724,4.349306807727635,-2.130257999868984,6.479564807596619,0.00102799710335775
equity,group_cv,1,B0_zero,63014,15754,0.1300622064237654,4.9528843260635185,0.0,-0.00010984328631824525,1.9838872612951237,0.27502847125170415,,0.0,0.5265961327982488,,,,
equity,group_cv,1,B1_train_mean,63014,15754,0.1300622064237654,4.9528843260635185,8.198949811810685e-05,-2.78447822041894e-05,1.9895445873643032,0.2784777898501706,,0.4734038672017512,0.5265961327982488,,,,
equity,group_cv,1,B2_group_mean,63014,15754,0.1300622064237654,4.9528843260635185,0.0014462343247325649,0.0013365498975453916,2.0365063616420334,0.3346997763642029,0.050766432138543795,0.5183509668004378,0.5265961327982488,0.33934051716046193,-0.1860419081145289,0.5253824252749908,0.0
equity,group_cv,1,B3_gbm,63014,15754,0.1300622064237654,4.9528843260635185,0.14156715180442037,0.14147285871929105,2.5384201879459667,1.104804087189786,0.06217097361271179,0.46005107624954394,0.5265961327982488,4.390295305193761,-2.431246316128934,6.8215416213226945,0.0
equity,group_cv,2,B0_zero,63014,15754,0.12707883712073123,4.934474410772142,0.0,-1.141692334227784e-06,1.9867387981718756,0.2744345925804743,,0.0,0.5433391506689936,,,,
equity,group_cv,2,B1_train_mean,63014,15754,0.12707883712073123,4.934474410772142,-4.133728022037708e-05,-4.2479019749297464e-05,1.9963619772453705,0.28065195659926,,0.4566608493310064,0.5433391506689936,,,,
equity,group_cv,2,B2_group_mean,63014,15754,0.12707883712073123,4.934474410772142,0.0013670094395356047,0.0013658693079056095,2.037783650903185,0.3259911570200945,0.06297951733819354,0.5191244909831297,0.5433391506689936,0.7444986069121629,-0.02137306292412941,0.7658716698362923,0.014292056967228399
equity,group_cv,2,B3_gbm,63014,15754,0.12707883712073123,4.934474410772142,0.14773746987732062,0.1477364968557232,2.5374400348268855,1.1258185091275028,0.06638309138224979,0.4516433973240256,0.5433391506689936,4.599525655851686,-2.345395404600761,6.9449210604524465,0.0260195586229117
equity,group_cv,3,B0_zero,63015,15753,0.129181743160033,5.093497422167479,0.0,-0.000129899644632836,2.065079615651425,0.2742625253346009,,0.0,0.5370316372649074,,,,
equity,group_cv,3,B1_train_mean,63015,15753,0.129181743160033,5.093497422167479,8.581704837418158e-05,-4.407144865470336e-05,2.0706709276186794,0.2782265460333121,,0.46296836273509256,0.5370316372649074,,,,
equity,group_cv,3,B2_group_mean,63015,15753,0.129181743160033,5.093497422167479,-0.0007010998783381073,-0.0008310905955961623,2.1278477545626706,0.3620713809832355,0.04177158407498165,0.5228896340574428,0.5370316372649074,0.08698209722928181,-0.11086771404131875,0.19784981127060056,0.0
equity,group_cv,3,B3_gbm,63015,15753,0.129181743160033,5.093497422167479,0.13807140692915987,0.13795944271122107,2.6184579459586783,1.1263144979218942,0.05386136804708004,0.45757399037760604,0.5370316372649074,4.517566188181593,-2.151729099862815,6.669295288044408,0.00294763839827
equity,group_cv,4,B0_zero,63015,15753,0.12626166444486764,4.932469096597642,0.0,-6.453459183708432e-06,1.9740696966351625,0.2722321613171736,,0.0,0.5353821563498983,,,,
equity,group_cv,4,B1_train_mean,63015,15753,0.12626166444486764,4.932469096597642,-0.00011524468583345993,-0.00012169888874402623,1.9843754414126638,0.2815995397087347,,0.4646178436501017,0.5353821563498983,,,,
equity,group_cv,4,B2_group_mean,63015,15753,0.12626166444486764,4.932469096597642,-0.0007955776701544792,-0.0008020362635663414,2.0394424853790856,0.3447463053515799,0.038577016863627876,0.5174367916303401,0.5353821563498983,0.3470439981652274,-0.11100134750388084,0.45804534566910826,0.0
equity,group_cv,4,B3_gbm,63015,15753,0.12626166444486764,4.932469096597642,0.1390313760591977,0.13902581983332463,2.5487063813203865,1.131929289747777,0.05883458952117097,0.4585149665794827,0.5353821563498983,4.4020699246172645,-2.1239687695609395,6.5260386941782045,-0.008809848392917
equity,time_holdout,0,B0_zero,69611,9157,0.12809872228895927,5.169986624036383,0.0,-1.4036344009760171e-05,2.1454788581423685,0.301748095854025,,0.0,0.5279308617234469,,,,
equity,time_holdout,0,B1_train_mean,69611,9157,0.12809872228895927,5.169986624036383,7.554387043251509e-06,-6.4818509304398475e-06,2.1528101359428837,0.30746428628256545,,0.4720691382765531,0.5279308617234469,,,,
equity,time_holdout,0,B2_group_mean,69611,9157,0.12809872228895927,5.169986624036383,0.0005595166980336685,0.0005454882075928147,2.20032843693141,0.35591395299468487,0.04574430513265926,0.5215430861723447,0.5279308617234469,0.5176189760158224,-0.12294741906139538,0.6405663950772178,0.0
equity,time_holdout,0,B3_gbm,69611,9157,0.12809872228895927,5.169986624036383,0.1375821549170978,0.13757004972354403,2.687778440245105,1.177915682775657,0.06824778797386222,0.4653056112224449,0.5279308617234469,4.540946248977389,-2.1077917922881526,6.648738041265542,-0.00518351956018295
net_assets_liabilities,group_cv,0,B0_zero,53600,13401,0.059547794940676066,5.113862438995266,0.0,-0.00013377678406789606,2.054313548868245,0.310743088069449,,0.0,0.538205189240657,,,,
net_assets_liabilities,group_cv,0,B1_train_mean,53600,13401,0.059547794940676066,5.113862438995266,0.0001214533556214148,-1.230718080713622e-05,2.0621462033446005,0.31886858996838974,,0.46179481075934303,0.538205189240657,,,,
net_assets_liabilities,group_cv,0,B2_group_mean,53600,13401,0.059547794940676066,5.113862438995266,0.0015877547526657043,0.001454190373322617,2.099553941575138,0.3691330346072028,0.0600697115416607,0.5244782988177418,0.538205189240657,0.33385065056327295,-0.2179525930960773,0.5518032436593503,0.0139220980930474
net_assets_liabilities,group_cv,0,B3_gbm,53600,13401,0.059547794940676066,5.113862438995266,0.14425017225402958,0.1441356927941072,2.576993742171981,1.1193310029203003,0.0605762438471153,0.45028961358406727,0.538205189240657,4.472988507465853,-2.5946365659373862,7.0676250734032395,0.0
net_assets_liabilities,group_cv,1,B0_zero,53601,13400,0.060149253731343284,5.077176873226832,0.0,-9.956924204423956e-05,2.0086621489110064,0.29957947973595456,,0.0,0.5436715896458632,,,,
net_assets_liabilities,group_cv,1,B1_train_mean,53601,13400,0.060149253731343284,5.077176873226832,9.747355381561906e-05,-2.0859828606667463e-06,2.0176857988673373,0.30909105599067344,,0.4563284103541369,0.5436715896458632,,,,
net_assets_liabilities,group_cv,1,B2_group_mean,53601,13400,0.060149253731343284,5.077176873226832,0.00034735954098708,0.0002478248852691989,2.06001005675931,0.3606660607623347,0.043242906444238484,0.51159282197872,0.5436715896458632,0.40127562663696764,-0.29882119847315886,0.7000968251101265,0.05203563657183795
net_assets_liabilities,group_cv,1,B3_gbm,53601,13400,0.060149253731343284,5.077176873226832,0.12826929921684382,0.1281825016517002,2.5644019902514303,1.141561696242326,0.03811038298676916,0.4408448467524218,0.5436715896458632,4.240718778687184,-2.2224120876019136,6.463130866289098,-0.02165912646043285
net_assets_liabilities,group_cv,2,B0_zero,53601,13400,0.06171641791044776,5.139101277012687,0.0,-0.0004619955985858404,2.043240803660428,0.3026711917391385,,0.0,0.539489382009067,,,,
net_assets_liabilities,group_cv,2,B1_train_mean,53601,13400,0.06171641791044776,5.139101277012687,0.00020680528055450065,-0.0002550947749020427,2.0483934786211657,0.3073223877596405,,0.46051061799093296,0.539489382009067,,,,
net_assets_liabilities,group_cv,2,B2_group_mean,53601,13400,0.06171641791044776,5.139101277012687,0.00092626678229768,0.00046469911488844495,2.0919855969649754,0.3645913875566251,0.03645018953560137,0.5156287282271534,0.539489382009067,0.2852252382172182,-0.2866422699534189,0.571867508170637,0.033272361702048905
net_assets_liabilities,group_cv,2,B3_gbm,53601,13400,0.06171641791044776,5.139101277012687,0.1299730449612415,0.12957109633736263,2.586586157176113,1.1147519866046163,0.05476184399174912,0.4531138153185397,0.539489382009067,4.4222164402374835,-2.3515624726112145,6.773778912848698,-0.00877547384201355
net_assets_liabilities,group_cv,3,B0_zero,53601,13400,0.062313432835820894,5.13772016676271,0.0,-2.857953504964428e-07,2.057802244786415,0.305986289718775,,0.0,0.544608038201353,,,,
net_assets_liabilities,group_cv,3,B1_train_mean,53601,13400,0.062313432835820894,5.13772016676271,-0.00013350944861101333,-0.00013379528211787672,2.07059620894523,0.32291596322799343,,0.45539196179864705,0.544608038201353,,,,
net_assets_liabilities,group_cv,3,B2_group_mean,53601,13400,0.062313432835820894,5.13772016676271,-0.0006273935531770913,-0.0006276795278339353,2.118363439597443,0.38938215833539014,0.02140772706930923,0.5016315161161958,0.544608038201353,0.3808278683975425,-0.10521605803191617,0.4860439264294587,0.03974097209211095
net_assets_liabilities,group_cv,3,B3_gbm,53601,13400,0.062313432835820894,5.13772016676271,0.13794593878205552,0.13794569241101284,2.6062693112896533,1.1832246297356606,0.05417583767438112,0.44830879426979703,0.544608038201353,4.405716867575237,-2.3155927329267363,6.721309600501973,0.00530426684564305
net_assets_liabilities,group_cv,4,B0_zero,53601,13400,0.06037313432835821,4.958997420068522,0.0,-1.6942108336248651e-06,1.9546190234604097,0.3091265084985424,,0.0,0.5405448336113097,,,,
net_assets_liabilities,group_cv,4,B1_train_mean,53601,13400,0.06037313432835821,4.958997420068522,-9.170858845908292e-05,-9.340295466642168e-05,1.9663003756685429,0.3228943799834487,,0.45945516638869033,0.5405448336113097,,,,
net_assets_liabilities,group_cv,4,B2_group_mean,53601,13400,0.06037313432835821,4.958997420068522,0.000939490334310622,0.0009377977151716621,2.005989558629326,0.3757343550540617,0.056453329376504074,0.5183067270272417,0.5405448336113097,0.4514244748805629,-0.4027572551598701,0.8541817300404331,0.0377392189506702
net_assets_liabilities,group_cv,4,B3_gbm,53601,13400,0.06037313432835821,4.958997420068522,0.1291737690017758,0.1291722936385411,2.536353072509029,1.151109812919217,0.01627201396203916,0.4423000555952665,0.5405448336113097,4.330615680605028,-2.1659707844213782,6.4965864650264065,-0.051259414994522204
net_assets_liabilities,time_holdout,0,B0_zero,58866,8135,0.06183159188690842,5.233593617976275,0.0,-0.00014919546515845816,2.131390167157147,0.3341421129893582,,0.0,0.5340670859538784,,,,
net_assets_liabilities,time_holdout,0,B1_train_mean,58866,8135,0.06183159188690842,5.233593617976275,0.00013186888995520007,-1.7306900962799077e-05,2.1393077708667287,0.33926541953998846,,0.4659329140461216,0.5340670859538784,,,,
net_assets_liabilities,time_holdout,0,B2_group_mean,58866,8135,0.06183159188690842,5.233593617976275,0.0013740687762103798,0.0012250783158821443,2.176642747870337,0.38707160327033113,0.04517411185826595,0.5192610062893082,0.5340670859538784,0.36385538208684587,-0.32098573518080803,0.6848411172676538,0.033272361702048905
net_assets_liabilities,time_holdout,0,B3_gbm,58866,8135,0.06183159188690842,5.233593617976275,0.1238478217542448,0.12371710382246193,2.6841428170917556,1.1855920003836373,0.04315112936886878,0.45073375262054505,0.5340670859538784,4.589737047183358,-2.234860373545717,6.824597420729075,-0.03212636049098805
cash,group_cv,0,B0_zero,25402,6351,0.03999370177924736,1.6189906938894754,0.0,-9.63130818187885e-06,0.9413368436284126,0.4853635162495742,,0.0,0.5053304904051172,,,,
cash,group_cv,0,B1_train_mean,25402,6351,0.03999370177924736,1.6189906938894754,-1.986974799650376e-05,-2.9501247549967857e-05,0.941541390756789,0.4845306514068406,,0.4946695095948827,0.5053304904051172,,,,
cash,group_cv,0,B2_group_mean,25402,6351,0.03999370177924736,1.6189906938894754,-0.0018314988852219383,-0.0018411478331339381,0.9457593080310134,0.4850371195252971,0.024373526182141645,0.5109070034443168,0.5053304904051172,0.22380572515440614,-0.04828764128870182,0.27209336644310794,0.0822403859670757
cash,group_cv,0,B3_gbm,25402,6351,0.03999370177924736,1.6189906938894754,0.1496401544936865,0.14963196441594895,0.962821463522106,0.5906588295760944,0.23017751358689534,0.5632278169591602,0.5053304904051172,1.4852007720343454,-0.5299715899888897,2.015172362023235,0.7372378584126337
cash,group_cv,1,B0_zero,25402,6351,0.03920642418516769,1.6465243169069137,0.0,-1.0310041786976143e-06,0.9673647714589967,0.4917688161413078,,0.0,0.5026220911176663,,,,
cash,group_cv,1,B1_train_mean,25402,6351,0.03920642418516769,1.6465243169069137,9.649823394797252e-07,-6.60208443470367e-08,0.9674620169918831,0.4928426542146681,,0.4973779088823337,0.5026220911176663,,,,
cash,group_cv,1,B2_group_mean,25402,6351,0.03920642418516769,1.6465243169069137,6.28619685479892e-05,6.183102918022598e-05,0.9711994830928257,0.4938514087055659,0.015295028569325603,0.5063913470993117,0.5026220911176663,0.14113816751237224,-0.07351832340592775,0.21465649091829997,0.0864015878608839
cash,group_cv,1,B3_gbm,25402,6351,0.03920642418516769,1.6465243169069137,0.15675819117056933,0.15675732178474078,0.9814772513732892,0.5958579523721881,0.23465902445037282,0.5676827269747624,0.5026220911176663,1.5828149826209532,-0.4911682248266127,2.073983207447566,0.6822218761032546
cash,group_cv,2,B0_zero,25402,6351,0.040938434892142966,1.666180421807319,0.0,-2.0693760909074044e-05,0.9780917547718666,0.5032558104026084,,0.0,0.510096864225907,,,,
cash,group_cv,2,B1_train_mean,25402,6351,0.040938434892142966,1.666180421807319,-3.106756620385731e-05,-5.1761970017549785e-05,0.9783699162656889,0.5025881652499861,,0.48990313577409295,0.510096864225907,,,,
cash,group_cv,2,B2_group_mean,25402,6351,0.040938434892142966,1.666180421807319,-0.00011998988686934275,-0.00014068613082041104,0.9814397024646465,0.5055796269741601,0.03672218767375805,0.5232309965522902,0.510096864225907,0.17348852258463113,-0.1025563283397915,0.27604485092442266,0.049475183189245195
cash,group_cv,2,B3_gbm,25402,6351,0.040938434892142966,1.666180421807319,0.16115397176983437,0.1611366128906867,0.9793498533374534,0.583688480403581,0.24901399262997034,0.5568872106386472,0.510096864225907,1.5408755704949142,-0.5994135617080114,2.1402891322029256,0.697359921244291
cash,group_cv,3,B0_zero,25403,6350,0.04015748031496063,1.6580037081421533,0.0,-0.00020515239079332837,0.9754701636288536,0.5074042601866458,,0.0,0.5092698933552092,,,,
cash,group_cv,3,B1_train_mean,25403,6350,0.04015748031496063,1.6580037081421533,-6.339904586738498e-05,-0.0002685644431263956,0.9755585501156847,0.5055517548259796,,0.5092698933552092,0.5092698933552092,,,,
cash,group_cv,3,B2_group_mean,25403,6350,0.04015748031496063,1.6580037081421533,-0.00012314305572802553,-0.0003283207096136387,0.9780084711161762,0.5096810407205088,0.03695983287164371,0.5158326497128795,0.5092698933552092,0.1800040543611491,-0.06153605927690109,0.2415401136380502,0.0929933539745028
cash,group_cv,3,B3_gbm,25403,6350,0.04015748031496063,1.6580037081421533,0.13610808297870214,0.1359308534865381,0.9850003417322963,0.5929796736906395,0.2604243269007555,0.5627563576702215,0.5092698933552092,1.4896560382879018,-0.6877585378564205,2.177414576144322,0.8457957416683852
cash,group_cv,4,B0_zero,25403,6350,0.042834645669291335,1.6883930911053986,0.0,-2.675199460622224e-06,0.9880446805853963,0.5037737438247492,,0.0,0.5131622244159263,,,,
cash,group_cv,4,B1_train_mean,25403,6350,0.042834645669291335,1.6883930911053986,-9.805069188129067e-06,-1.248029487932456e-05,0.9882659504915541,0.5054281371651365,,0.4868377755840737,0.5131622244159263,,,,
cash,group_cv,4,B2_group_mean,25403,6350,0.042834645669291335,1.6883930911053986,0.0011155881847904059,0.0011129159697507163,0.9914990202328104,0.5044627350505906,0.027370479982891858,0.5111878907535373,0.5131622244159263,0.19680678389394393,-0.0795128041496244,0.2763195880435683,0.0068472373919199
cash,group_cv,4,B3_gbm,25403,6350,0.042834645669291335,1.6883930911053986,0.1452804972073779,0.14527821066222513,1.001972026206613,0.5988274323937054,0.23604676815219985,0.5589009542612702,0.5131622244159263,1.537181741095278,-0.5489431370927175,2.0861248781879955,0.7799446987965897
cash,time_holdout,0,B0_zero,28239,3514,0.043540125213431986,1.6707694727170181,0.0,-5.0617108160011526e-05,0.9881851608794798,0.5061856872737289,,0.0,0.504314192204701,,,,
cash,time_holdout,0,B1_train_mean,28239,3514,0.043540125213431986,1.6707694727170181,6.436026689371488e-06,-4.418075569745383e-05,0.9882264216817166,0.5058743021216623,,0.495685807795299,0.504314192204701,,,,
cash,time_holdout,0,B2_group_mean,28239,3514,0.043540125213431986,1.6707694727170181,0.002342799167299403,0.0022923006448583028,0.9902605735932972,0.509058738870462,0.05865994304480564,0.5203808390360012,0.504314192204701,0.21569891626717547,-0.23352732659589392,0.4492262428630694,0.12548801691313197
cash,time_holdout,0,B3_gbm,28239,3514,0.043540125213431986,1.6707694727170181,0.13646863861182756,0.13642492915150872,1.0024690249350354,0.5950477164270348,0.24923900792538073,0.563225230586135,0.504314192204701,1.443699795609676,-0.6315402172474465,2.0752400128571225,0.7666922843001944
debtors,group_cv,0,B0_zero,21294,5324,0.12021036814425244,1.5139022975777197,0.0,-0.00018147142248237103,0.768603099164267,0.30198138887121306,,0.0,0.5339453458582408,,,,
debtors,group_cv,0,B1_train_mean,21294,5324,0.12021036814425244,1.5139022975777197,0.00012429064054264582,-5.7158226740350315e-05,0.7718588640532641,0.30036290643178487,,0.5339453458582408,0.5339453458582408,,,,
debtors,group_cv,0,B2_group_mean,21294,5324,0.12021036814425244,1.5139022975777197,-0.0002478697366306015,-0.0004293861403865673,0.7796268462161042,0.3071055136716909,0.020756318974004886,0.5070452604611443,0.5339453458582408,0.19413776065419924,-0.017681420434021395,0.21181918108822065,3.587617696254597e-06
debtors,group_cv,0,B3_gbm,21294,5324,0.12021036814425244,1.5139022975777197,0.09715150205986467,0.09698766085865751,0.8177307012732299,0.39353682490108205,0.19410115616204804,0.5561485909479078,0.5339453458582408,1.1426314062188954,-0.37407885188288764,1.516710258101783,0.0
debtors,group_cv,1,B0_zero,21294,5324,0.10142749812171299,1.5774418086856157,0.0,-0.0002691737134270511,0.7777912409151999,0.3080093148740959,,0.0,0.5363712374581939,,,,
debtors,group_cv,1,B1_train_mean,21294,5324,0.10142749812171299,1.5774418086856157,0.00026064595926345024,-8.457595122912664e-06,0.7799800562754676,0.3079637929455892,,0.5363712374581939,0.5363712374581939,,,,
debtors,group_cv,1,B2_group_mean,21294,5324,0.10142749812171299,1.5774418086856157,0.0018426693820692286,0.0015739916668022769,0.7838214206123988,0.3116329027098631,0.0371969324656519,0.532608695652174,0.5363712374581939,0.14506224207016827,-0.10263401437100747,0.24769625644117574,0.012427753422342
debtors,group_cv,1,B3_gbm,21294,5324,0.10142749812171299,1.5774418086856157,0.15039848834682812,0.15016979795300311,0.8118869939670175,0.41255173881209084,0.19416077421885714,0.5547658862876255,0.5363712374581939,1.3290601481994975,-0.34802293005897716,1.6770830782584747,0.08528007756404499
debtors,group_cv,2,B0_zero,21294,5324,0.11401202103681443,1.5112586586160985,0.0,-0.00016589117789211905,0.7596690785550854,0.29656685783285575,,0.0,0.5359338562645749,,,,
debtors,group_cv,2,B1_train_mean,21294,5324,0.11401202103681443,1.5112586586160985,9.628499950264935e-05,-6.959020555741269e-05,0.7625834676166725,0.29298545551647537,,0.5359338562645749,0.5359338562645749,,,,
debtors,group_cv,2,B2_group_mean,21294,5324,0.11401202103681443,1.5112586586160985,-0.0019024433330574464,-0.002068650109514847,0.7712239808483504,0.3059487265099668,0.018917427683575586,0.5149459402162392,0.5359338562645749,0.022129974591978407,-0.0025692930408706526,0.024699267632849062,0.0
debtors,group_cv,2,B3_gbm,21294,5324,0.11401202103681443,1.5112586586160985,0.14739301913170844,0.14725157915537324,0.7944565698425,0.4029495882811285,0.20293939988399431,0.5518337926648293,0.5359338562645749,1.2198015698223748,-0.4467501023531645,1.6665516721755393,0.0802481451562061
debtors,group_cv,3,B0_zero,21295,5323,0.11271839188427578,1.5291573755163628,0.0,-0.000120761301117156,0.7735913545449541,0.2998008982151514,,0.0,0.5375820453101842,,,,
debtors,group_cv,3,B1_train_mean,21295,5323,0.11271839188427578,1.5291573755163628,1.220535689805402e-05,-0.00010855447028434995,0.7764145293495525,0.29886292747831167,,0.5375820453101842,0.5375820453101842,,,,
debtors,group_cv,3,B2_group_mean,21295,5323,0.11271839188427578,1.5291573755163628,-0.002433333152618511,-0.002554388306213129,0.7855495370052153,0.31149034719698027,-0.0007177037123670938,0.5001058649163668,0.5375820453101842,0.04824389889016641,-0.043284250243940496,0.09152814913410691,0.0
debtors,group_cv,3,B3_gbm,21295,5323,0.11271839188427578,1.5291573755163628,0.0981660862605871,0.09805717962377236,0.8269191393651786,0.4131291966385129,0.18590639132016584,0.547745077281389,0.5375820453101842,1.0993700724962026,-0.4534635172849807,1.5528335897811831,0.0255333020051651
debtors,group_cv,4,B0_zero,21295,5323,0.11196693593838061,1.5285780548324617,0.0,-0.0018200544928574924,0.7586643091662378,0.2965578503199158,,0.0,0.5504548339327269,,,,
debtors,group_cv,4,B1_train_mean,21295,5323,0.11196693593838061,1.5285780548324617,0.0009678722878312396,-0.0008504206247201829,0.7597360075650352,0.2927093033584649,,0.5504548339327269,0.5504548339327269,,,,
debtors,group_cv,4,B2_group_mean,21295,5323,0.11196693593838061,1.5285780548324617,0.0010759059000853277,-0.0007421903854047951,0.7674610901164565,0.3011863683170911,0.011207168184684271,0.5242225513010366,0.5504548339327269,0.07574942957437847,0.04992404201160222,0.025825387562776247,0.0
debtors,group_cv,4,B3_gbm,21295,5323,0.11196693593838061,1.5285780548324617,0.14609505895799513,0.14454090543357845,0.8057102997878213,0.4154793940387247,0.21100183700957265,0.5548973979268035,0.5504548339327269,1.300938065666064,-0.3411939353725433,1.6421320010386073,0.0902868466721003
debtors,time_holdout,0,B0_zero,23726,2892,0.12136929460580913,1.5325435038924797,0.0,-0.003335181639861018,0.7664774051752375,0.29267065761429434,,0.0,0.5548996458087367,,,,
debtors,time_holdout,0,B1_train_mean,23726,2892,0.12136929460580913,1.5325435038924797,0.0014677981498290027,-0.0018624881165916207,0.7677863487982779,0.2912148356712176,,0.5548996458087367,0.5548996458087367,,,,
debtors,time_holdout,0,B2_group_mean,23726,2892,0.12136929460580913,1.5325435038924797,0.002951532893043285,-0.00037380484850335627,0.7754563655738904,0.2979853363687755,0.006774200227513539,0.5131837859110586,0.5548996458087367,0.2862815016781066,-0.06414453430515973,0.3504260359832664,0.0
debtors,time_holdout,0,B3_gbm,23726,2892,0.12136929460580913,1.5325435038924797,0.14095042643352873,0.1380853400680394,0.8164741951801678,0.4283530152574786,0.21400683115185812,0.5525383707201889,0.5548996458087367,1.3122784290100464,-0.35912397175072147,1.671402400760768,0.08347015108190795
employees,group_cv,0,B0_zero,61057,15265,0.7315427448411399,0.5172679484057148,0.0,-0.023248595666151894,0.18799634601666632,0.0,,0.0,0.5744265495363592,,,,
employees,group_cv,0,B1_train_mean,61057,15265,0.7315427448411399,0.5172679484057148,0.022639231626133238,-8.303369775042313e-05,0.24626063254611805,0.08358113363609862,,0.5744265495363592,0.5744265495363592,,,,
employees,group_cv,0,B2_group_mean,61057,15265,0.7315427448411399,0.5172679484057148,0.06357098336478861,0.041800323786984284,0.23768580705530964,0.09766733904110755,0.08673230003498442,0.5807711078574914,0.5744265495363592,0.021571558370354238,-0.3090209442514614,0.33059250262181566,0.0
employees,group_cv,0,B3_gbm,61057,15265,0.7315427448411399,0.5172679484057148,0.2502557487647922,0.23282524781480296,0.2384748397730959,0.09782027336956634,0.28421024091742136,0.6996095656417765,0.5744265495363592,0.15793655991839364,-0.6351292671651406,0.7930658270835342,0.05218575317057
employees,group_cv,1,B0_zero,61057,15265,0.7396659023910908,0.5194838037467644,0.0,-0.02684630786779829,0.18916372468632967,0.0,,0.0,0.5842979365878208,,,,
employees,group_cv,1,B1_train_mean,61057,15265,0.7396659023910908,0.5194838037467644,0.02610987287095845,-3.548131135699961e-05,0.24668323230341266,0.0820195516096424,,0.5842979365878208,0.5842979365878208,,,,
employees,group_cv,1,B2_group_mean,61057,15265,0.7396659023910908,0.5194838037467644,0.06660039836886245,0.04154206529979265,0.2397017809330162,0.11656701259752358,0.07395684389066148,0.5908404630095622,0.5842979365878208,0.0026987281841620177,-0.31236153753844953,0.31506026572261153,0.0
employees,group_cv,1,B3_gbm,61057,15265,0.7396659023910908,0.5194838037467644,0.2662622124180991,0.24656406187843827,0.23954108709698757,0.09302786677538818,0.27770894000262974,0.7078510317060895,0.5842979365878208,0.15350563181479973,-0.6283020816759777,0.7818077134907774,0.0
employees,group_cv,2,B0_zero,61058,15264,0.7271357442348009,0.5197083020250167,0.0,-0.02683140010695495,0.19155234386275824,0.0,,0.0,0.5747899159663865,,,,
employees,group_cv,2,B1_train_mean,61058,15264,0.7271357442348009,0.5197083020250167,0.026095397296746925,-3.5826764389179644e-05,0.2483925744912044,0.08201631815819005,,0.5747899159663865,0.5747899159663865,,,,
employees,group_cv,2,B2_group_mean,61058,15264,0.7271357442348009,0.5197083020250167,0.0721468844217582,0.047251286237193546,0.24111412369456875,0.11390820190578439,0.07407511268284417,0.5872749099639856,0.5747899159663865,0.01274157869442874,-0.3099588128363593,0.322700391530788,0.0
employees,group_cv,2,B3_gbm,61058,15264,0.7271357442348009,0.5197083020250167,0.2511742622048757,0.23108221922370897,0.24243218899915991,0.09896610172994433,0.27881087333860816,0.6957983193277311,0.5747899159663865,0.14455981024637923,-0.6223429535720841,0.7669027638184633,0.0246926125903717
employees,group_cv,3,B0_zero,61058,15264,0.7344732704402516,0.5211374675140386,0.0,-0.02618573214240838,0.1917301004542587,0.0,,0.0,0.5756229953121145,,,,
employees,group_cv,3,B1_train_mean,61058,15264,0.7344732704402516,0.5211374675140386,0.025501536446786655,-1.6419293006553204e-05,0.2492561913472527,0.0822161166179782,,0.5756229953121145,0.5756229953121145,,,,
employees,group_cv,3,B2_group_mean,61058,15264,0.7344732704402516,0.5211374675140386,0.07579000415628068,0.05158888876178058,0.24036396263738216,0.09206602430455438,0.08317186497360543,0.5882062669627437,0.5756229953121145,0.02379847323385837,-0.31560742078405324,0.3394058940179116,0.0
employees,group_cv,3,B3_gbm,61058,15264,0.7344732704402516,0.5211374675140386,0.26781696884489203,0.2486442201118476,0.24274489753128783,0.09503030910457427,0.2833157218437658,0.7081174438687392,0.5756229953121145,0.15023515457939268,-0.6503913753271295,0.8006265299065223,0.0370412716803492
employees,group_cv,4,B0_zero,61058,15264,0.7347353249475891,0.4978959512709275,0.0,-0.025661214633038387,0.1880547405454889,0.0,,0.0,0.575697703136577,,,,
employees,group_cv,4,B1_train_mean,61058,15264,0.7347353249475891,0.4978959512709275,0.024968129453553534,-5.2372650591658854e-05,0.24633583442869794,0.08335903075865791,,0.575697703136577,0.575697703136577,,,,
employees,group_cv,4,B2_group_mean,61058,15264,0.7347353249475891,0.4978959512709275,0.0644751674573868,0.0404684639349735,0.2383653272939706,0.10693790801346507,0.0791297195589926,0.5816250926154606,0.575697703136577,0.019290292492082757,-0.28878748980216584,0.3080777822942486,0.0
employees,group_cv,4,B3_gbm,61058,15264,0.7347353249475891,0.4978959512709275,0.24353075484501818,0.22411883518180364,0.2383101478229427,0.09613523458375121,0.28089923614502926,0.7053593479871573,0.575697703136577,0.15009506377776138,-0.6174103631428236,0.767505426920585,0.0145987994211527
employees,time_holdout,0,B0_zero,67389,8933,0.7247285346468152,0.5223007993700627,0.0,-0.03213418206611962,0.20099301084592308,0.0,,0.0,0.5892639284261895,,,,
employees,time_holdout,0,B1_train_mean,67389,8933,0.7247285346468152,0.5223007993700627,0.030584038475053865,-0.0005673505303911419,0.25637003116754276,0.08118240116858984,,0.5892639284261895,0.5892639284261895,,,,
employees,time_holdout,0,B2_group_mean,67389,8933,0.7247285346468152,0.5223007993700627,0.09218168165448049,0.06300968252980699,0.24449762268026295,0.07349011256827749,0.09217197775201794,0.5904839365595771,0.5892639284261895,-0.010718276505096207,-0.360250192726415,0.3495319162213188,0.0
employees,time_holdout,0,B3_gbm,67389,8933,0.7247285346468152,0.5223007993700627,0.3180766612359128,0.29616361251293155,0.24094161097292152,0.09570949480581671,0.2885987097997928,0.7206181374542497,0.5892639284261895,0.153216732432844,-0.6819859204644654,0.8352026528973093,0.0340581712427274
total_assets_less_current_liabilities,group_cv,0,B0_zero,56348,14087,0.061475118903954,4.61081191701675,0.0,-0.0004189536164915797,1.6813792962831868,0.2486368033026771,,0.0,0.5156190908403298,,,,
total_assets_less_current_liabilities,group_cv,0,B1_train_mean,56348,14087,0.061475118903954,4.61081191701675,0.00035178075129704833,-6.702548537651509e-05,1.7172514971877677,0.28561323359614477,,0.48438090915967025,0.5156190908403298,,,,
total_assets_less_current_liabilities,group_cv,0,B2_group_mean,56348,14087,0.061475118903954,4.61081191701675,0.001321686749670703,0.0009032868586227316,1.75174992111422,0.33480366056089694,0.0628203681854096,0.5339233038348082,0.5156190908403298,0.3113881614174055,-0.19970196950918523,0.5110901309265907,0.0143603004011136
total_assets_less_current_liabilities,group_cv,0,B3_gbm,56348,14087,0.061475118903954,4.61081191701675,0.15445457119217543,0.15410032687686837,2.105757234314322,0.7690115916002915,0.09095642521108233,0.4781030179260268,0.5156190908403298,4.197510561606097,-2.438885814765772,6.636396376371869,0.0471756920803763
total_assets_less_current_liabilities,group_cv,1,B0_zero,56348,14087,0.06395967913679279,4.694851011766202,0.0,-0.00031185189661386836,1.6980685856604922,0.2418093060304222,,0.0,0.5072046109510087,,,,
total_assets_less_current_liabilities,group_cv,1,B1_train_mean,56348,14087,0.06395967913679279,4.694851011766202,0.00018872375850476075,-0.0001230692842471015,1.7352359335627372,0.2797277057992483,,0.49279538904899134,0.5072046109510087,,,,
total_assets_less_current_liabilities,group_cv,1,B2_group_mean,56348,14087,0.06395967913679279,4.694851011766202,0.0014677105977589644,0.0011563164094787748,1.7701968116961326,0.3394325694835421,0.06074350163488574,0.5316244501744274,0.5072046109510087,0.2612711245994362,-0.05798995623279627,0.3192610808322325,0.0112924338855133
total_assets_less_current_liabilities,group_cv,1,B3_gbm,56348,14087,0.06395967913679279,4.694851011766202,0.15054012126635385,0.15027521559207346,2.1140051968081206,0.75987424642216,0.0964124988615153,0.4859699681480358,0.5072046109510087,4.398271232422987,-2.517939546349436,6.916210778772423,0.0461722777287186
total_assets_less_current_liabilities,group_cv,2,B0_zero,56348,14087,0.06005537019947469,4.567097889696639,0.0,-0.0004828127432996432,1.6496604217221515,0.2495492027563361,,0.0,0.5057019862548146,,,,
total_assets_less_current_liabilities,group_cv,2,B1_train_mean,56348,14087,0.06005537019947469,4.567097889696639,0.000438652581566612,-4.394837467680546e-05,1.6837308171905385,0.28060378092469074,,0.4942980137451854,0.5057019862548146,,,,
total_assets_less_current_liabilities,group_cv,2,B2_group_mean,56348,14087,0.06005537019947469,4.567097889696639,0.0012506905785648614,0.0007684816846144082,1.715700656108401,0.34249214258266264,0.07643197064000572,0.5331168340759761,0.5057019862548146,0.41345151043546224,-0.19610353567427422,0.6095550461097364,0.0099808712068778
total_assets_less_current_liabilities,group_cv,2,B3_gbm,56348,14087,0.06005537019947469,4.567097889696639,0.1259702024924556,0.12554820976819525,2.103468012633298,0.7403196315050901,0.08418223925158595,0.48372479419983383,0.5057019862548146,3.883843147681685,-2.2984149291522686,6.1822580768339535,-0.0165919854558041
total_assets_less_current_liabilities,group_cv,3,B0_zero,56348,14087,0.06211400582096969,4.615866174701339,0.0,-0.0016611817641918325,1.6732388946741936,0.2474825016136232,,0.0,0.5025734181047532,,,,
total_assets_less_current_liabilities,group_cv,3,B1_train_mean,56348,14087,0.06211400582096969,4.615866174701339,0.0013626781783285802,-0.0002962399297228302,1.698185520286529,0.26847069157363923,,0.5025734181047532,0.5025734181047532,,,,
total_assets_less_current_liabilities,group_cv,3,B2_group_mean,56348,14087,0.06211400582096969,4.615866174701339,0.0024672057149708326,0.0008101224279212227,1.738263065298862,0.3277439621740025,0.05450480776531724,0.5366333636088404,0.5025734181047532,0.21621758719048037,-0.22417859314265404,0.44039618033313443,0.0026143687957772
total_assets_less_current_liabilities,group_cv,3,B3_gbm,56348,14087,0.06211400582096969,4.615866174701339,0.13409379287772538,0.13265536527695332,2.102348933751998,0.7358257194084038,0.0898313225990449,0.49114441416893734,0.5025734181047532,3.885236101190075,-2.547473903887127,6.432710005077202,-0.015394879161030802
total_assets_less_current_liabilities,group_cv,4,B0_zero,56348,14087,0.06161709377440193,4.624864274320026,0.0,-0.0011539190054545845,1.683769159172951,0.2527767472472035,,0.0,0.5099478024056283,,,,
total_assets_less_current_liabilities,group_cv,4,B1_train_mean,56348,14087,0.06161709377440193,4.624864274320026,0.001075379027909551,-7.729907724662866e-05,1.7134946998577505,0.2783454170605041,,0.49005219759437174,0.5099478024056283,,,,
total_assets_less_current_liabilities,group_cv,4,B2_group_mean,56348,14087,0.06161709377440193,4.624864274320026,0.001843284651317445,0.0006914926470544813,1.7522015267276285,0.33702696141927435,0.04755003382103721,0.5292382177169226,0.5099478024056283,0.1841643051768997,-0.30663594693674184,0.49080025211364153,0.0093691344448529
total_assets_less_current_liabilities,group_cv,4,B3_gbm,56348,14087,0.06161709377440193,4.624864274320026,0.13493119227422146,0.13393297293596074,2.1200085574011918,0.7671039312217862,0.07891598642530726,0.4785535970950904,0.5099478024056283,4.027372001470563,-2.6558294730899443,6.683201474560507,-0.0008645120013986013
total_assets_less_current_liabilities,time_holdout,0,B0_zero,62082,8353,0.06380940979288878,4.794106628922223,0.0,-0.0006169219416896077,1.7960769955193296,0.2677550765553977,,0.0,0.5042199488491048,,,,
total_assets_less_current_liabilities,time_holdout,0,B1_train_mean,62082,8353,0.06380940979288878,4.794106628922223,0.0006148473477842753,-1.695281085734024e-06,1.8274535978122117,0.2960716534254373,,0.49578005115089513,0.5042199488491048,,,,
total_assets_less_current_liabilities,time_holdout,0,B2_group_mean,62082,8353,0.06380940979288878,4.794106628922223,0.003740049763683251,0.0031254351407558056,1.8550875711847412,0.3463693036299892,0.07196259075974991,0.5383631713554987,0.5042199488491048,0.34183489456946153,-0.4599627748398098,0.8017976694092713,0.0065793826886979
total_assets_less_current_liabilities,time_holdout,0,B3_gbm,62082,8353,0.06380940979288878,4.794106628922223,0.14315596210718384,0.14262735621960176,2.2205494025484733,0.8152734751781257,0.10447979639072057,0.4969309462915601,0.5042199488491048,4.442003372401651,-2.681915965949363,7.123919338351015,0.0233719731272561
net_current_assets_liabilities,group_cv,0,B0_zero,59852,14963,0.055136002138608566,6.034988771895928,0.0,-0.0006405632856045784,2.474900702983196,0.3421139714322621,,0.0,0.5,,,,
net_current_assets_liabilities,group_cv,0,B1_train_mean,59852,14963,0.055136002138608566,6.034988771895928,0.00037573703951132575,-0.00026458556274078227,2.546624885663093,0.4210338875476501,,0.5,0.5,,,,
net_current_assets_liabilities,group_cv,0,B2_group_mean,59852,14963,0.055136002138608566,6.034988771895928,0.00033477413627158725,-0.0003055747053122282,2.554864670463046,0.44659817176820504,0.043287832075685456,0.5047390012731645,0.5,-0.04969380725080877,-0.673590965498857,0.6238971582480483,0.0162390668997928
net_current_assets_liabilities,group_cv,0,B3_gbm,59852,14963,0.055136002138608566,6.034988771895928,0.1661731017018987,0.16563898280429934,3.257997238929383,1.6057223113211427,0.124098998471289,0.5109633611543358,0.5,5.286200143861421,-3.6804462898508317,8.966646433712253,0.2038318305710013
net_current_assets_liabilities,group_cv,1,B0_zero,59852,14963,0.05379937178373321,6.014222044624414,0.0,-0.0017540824063366767,2.4827490428389165,0.3422261073446488,,0.0,0.5012713660121486,,,,
net_current_assets_liabilities,group_cv,1,B1_train_mean,59852,14963,0.05379937178373321,6.014222044624414,0.0017326902329316551,-1.8352891951733952e-05,2.542760534442069,0.4194303598260428,,0.5012713660121486,0.5012713660121486,,,,
net_current_assets_liabilities,group_cv,1,B2_group_mean,59852,14963,0.05379937178373321,6.014222044624414,0.0016753698674527584,-7.577380207512974e-05,2.551363736713208,0.45113136359503225,0.029417628024206853,0.50557988416443,0.5012713660121486,-0.005939003781229991,-0.3815690384808173,0.37563003469958733,0.015438550803098701
net_current_assets_liabilities,group_cv,1,B3_gbm,59852,14963,0.05379937178373321,6.014222044624414,0.15978131623039526,0.15830750341971978,3.2722834517386006,1.6068548123523283,0.11502611028173523,0.5149032349201864,0.5012713660121486,4.9982049165906295,-3.4560497178889475,8.454254634479577,0.1407612918136997
net_current_assets_liabilities,group_cv,2,B0_zero,59852,14963,0.05640580097574016,5.984085560563869,0.0,-0.0026949130650697484,2.484762521239527,0.3477241134186473,,0.0,0.5041433529286776,,,,
net_current_assets_liabilities,group_cv,2,B1_train_mean,59852,14963,0.05640580097574016,5.984085560563869,0.0024134981553367574,-0.0002749107420216834,2.537351181085229,0.4070731740196736,,0.5041433529286776,0.5041433529286776,,,,
net_current_assets_liabilities,group_cv,2,B2_group_mean,59852,14963,0.05640580097574016,5.984085560563869,0.002230136586328868,-0.00045876645451747855,2.5483688777623583,0.44396789296153283,0.03346297312196624,0.5079679864013033,0.5041433529286776,-0.18365166325065288,-0.5656977440212816,0.38204608077062874,0.0266999899988426
net_current_assets_liabilities,group_cv,2,B3_gbm,59852,14963,0.05640580097574016,5.984085560563869,0.15683782727820972,0.15456557852296915,3.271774533372738,1.6043872746556835,0.13387239101902892,0.5168921311707628,0.5041433529286776,4.7290305647882676,-4.02806147935337,8.757092044141636,0.1770338507546931
net_current_assets_liabilities,group_cv,3,B0_zero,59852,14963,0.054868676067633494,6.125355714675427,0.0,-0.0010957720585349495,2.5554678020767962,0.3517580461993983,,0.0,0.5072832696931127,,,,
net_current_assets_liabilities,group_cv,3,B1_train_mean,59852,14963,0.054868676067633494,6.125355714675427,0.0010607604692971506,-3.3849237554894884e-05,2.6187632633432427,0.4188759898846918,,0.5072832696931127,0.5072832696931127,,,,
net_current_assets_liabilities,group_cv,3,B2_group_mean,59852,14963,0.054868676067633494,6.125355714675427,0.0001429294098856948,-0.0009526860305957285,2.6323215083360747,0.46801954109395505,0.010824246884873372,0.5103945693678404,0.5072832696931127,-0.076972410112326,-0.16241564258032629,0.08544323246800029,0.0
net_current_assets_liabilities,group_cv,3,B3_gbm,59852,14963,0.054868676067633494,6.125355714675427,0.1672398332684648,0.1663273179462994,3.319410071561326,1.6087265882457726,0.12772191736154545,0.5146372507424692,0.5072832696931127,5.311274126863177,-3.7974038084598734,9.108677935323051,0.21014889544633059
net_current_assets_liabilities,group_cv,4,B0_zero,59852,14963,0.053933034819220745,6.098108765648539,0.0,-0.0015274444005610732,2.5199433570063197,0.3478666627491815,,0.0,0.5156823961571065,,,,
net_current_assets_liabilities,group_cv,4,B1_train_mean,59852,14963,0.053933034819220745,6.098108765648539,0.0015230265095291795,-2.0915527181308846e-06,2.5762083164818645,0.411009967101824,,0.5156823961571065,0.5156823961571065,,,,
net_current_assets_liabilities,group_cv,4,B2_group_mean,59852,14963,0.053933034819220745,6.098108765648539,0.0012300957875904794,-0.00029546971004767997,2.5880213527806903,0.4495578811333013,0.018109399115635277,0.5192144673636621,0.5156823961571065,-0.05573185519391871,-0.5038558235314846,0.4481239683375659,0.0185369191040027
net_current_assets_liabilities,group_cv,4,B3_gbm,59852,14963,0.053933034819220745,6.098108765648539,0.17338205363034043,0.17211944067675478,3.2844806193911125,1.6001428315630537,0.1324109839327443,0.5216162757841198,0.5156823961571065,5.080005740705341,-4.193244191130574,9.273249931835915,0.23451005815770098
net_current_assets_liabilities,time_holdout,0,B0_zero,65884,8931,0.05688052849624902,6.163065271242055,0.0,-0.0008765859737311921,2.6034919791623503,0.3613303801524541,,0.0,0.5071827139973881,,,,
net_current_assets_liabilities,time_holdout,0,B1_train_mean,65884,8931,0.05688052849624902,6.163065271242055,0.0007950145742705583,-8.087450083604786e-05,2.665632711556535,0.4360318417912984,,0.5071827139973881,0.5071827139973881,,,,
net_current_assets_liabilities,time_holdout,0,B2_group_mean,65884,8931,0.05688052849624902,6.163065271242055,0.001749836828445983,0.0008747847371348705,2.6727482042905635,0.46265353196041986,0.03169957623467286,0.5111005579959634,0.5071827139973881,0.13945473267380176,-0.4526559604490709,0.5921106931228727,0.026485633975410802
net_current_assets_liabilities,time_holdout,0,B3_gbm,65884,8931,0.05688052849624902,6.163065271242055,0.15476317299801146,0.15402225025098037,3.374365510579737,1.669479634037123,0.12871897686164568,0.5179864656298231,0.5071827139973881,4.958623037060996,-3.597211074181904,8.5558341112429,0.12246184976300961
profit_loss,group_cv,0,B0_zero,2332,584,0.030821917808219176,8.339985015671544,0.0,-0.006315366664963129,4.070079316808063,0.6993891469622433,,0.0,0.5017667844522968,,,,
profit_loss,group_cv,0,B1_train_mean,2332,584,0.030821917808219176,8.339985015671544,0.0017408163794619957,-0.004563556391768309,4.079675116228452,0.7420063474670001,,0.49823321554770317,0.5017667844522968,,,,
profit_loss,group_cv,0,B2_group_mean,2332,584,0.030821917808219176,8.339985015671544,-0.009989566874451627,-0.01636802131705095,4.227997344558236,1.0352204418616529,-0.05655968081857559,0.4752650176678445,0.5017667844522968,-1.82098716316321,0.010234970976381931,-1.831222134139592,-0.0738820318436736
profit_loss,group_cv,0,B3_gbm,2332,584,0.030821917808219176,8.339985015671544,0.15232286166030773,0.14696946971818592,5.490526951962356,3.6123147473160033,0.26435392195841156,0.5777385159010601,0.5017667844522968,7.905688271644187,-6.2329430035510205,14.138631275195207,1.613755258142449
profit_loss,group_cv,1,B0_zero,2333,583,0.025728987993138937,7.820732389375643,0.0,-0.0003683276915171785,3.7199381201478627,0.5834585054797783,,0.0,0.5105633802816901,,,,
profit_loss,group_cv,1,B1_train_mean,2333,583,0.025728987993138937,7.820732389375643,0.00026968792775572403,-9.854043022938797e-05,3.7648338181343894,0.6580826578984008,,0.4894366197183099,0.5105633802816901,,,,
profit_loss,group_cv,1,B2_group_mean,2333,583,0.025728987993138937,7.820732389375643,-0.023240912809907588,-0.023617800773188646,3.944299846475843,0.9436247878356452,-0.06327694227994705,0.46830985915492956,0.5105633802816901,-1.7858495065695914,1.0284721071027774,-2.8143216136723685,-0.1577534108861388
profit_loss,group_cv,1,B3_gbm,2333,583,0.025728987993138937,7.820732389375643,-0.10702029835703053,-0.10742804458798716,5.844663798623995,3.9714620401859286,0.24601998504828315,0.5774647887323944,0.5105633802816901,5.68057890942167,-2.4575767911657787,8.138155700587449,0.6146786913788826
profit_loss,group_cv,2,B0_zero,2333,583,0.03773584905660377,8.39781882982548,0.0,-0.00018425735964688883,4.226769755494893,0.7256429774114839,,0.0,0.5187165775401069,,,,
profit_loss,group_cv,2,B1_train_mean,2333,583,0.03773584905660377,8.39781882982548,-0.0021724636105737716,-0.0023571212626294358,4.291764619582134,0.7603592155075587,,0.48128342245989303,0.5187165775401069,,,,
profit_loss,group_cv,2,B2_group_mean,2333,583,0.03773584905660377,8.39781882982548,-0.018397840946240862,-0.018585488243483717,4.420134634145902,1.0771414742454095,-0.047804494873958346,0.45454545454545453,0.5187165775401069,-1.7780812994750983,1.480437529390825,-3.258518828865923,-0.041763671517419
profit_loss,group_cv,2,B3_gbm,2333,583,0.03773584905660377,8.39781882982548,0.15924161635836676,0.15908670043849604,5.592719355662445,3.8742135302888885,0.31042950832037425,0.6042780748663101,0.5187165775401069,9.438504153175016,-4.5430003916571335,13.981504544832148,2.3081163312954436
profit_loss,group_cv,3,B0_zero,2333,583,0.030874785591766724,9.021001292634429,0.0,-0.008833632536192404,4.783290312525356,0.7524414032564604,,0.0,0.511504424778761,,,,
profit_loss,group_cv,3,B1_train_mean,2333,583,0.030874785591766724,9.021001292634429,0.001067511461358972,-0.007756691070855526,4.788434784965862,0.7538363661762277,,0.48849557522123893,0.511504424778761,,,,
profit_loss,group_cv,3,B2_group_mean,2333,583,0.030874785591766724,9.021001292634429,-0.011454600834224893,-0.020389419105035556,4.916868927241156,0.942439440524094,-0.08414543447082536,0.4814159292035398,0.511504424778761,-2.5362041149579246,-0.9733737369231652,-1.5628303780347594,-0.5018447838172885
profit_loss,group_cv,3,B3_gbm,2333,583,0.030874785591766724,9.021001292634429,0.14588079154193834,0.1383358163123164,5.937630996643186,3.9062250628302575,0.28283610269772674,0.5787610619469027,0.511504424778761,8.811005093518693,-5.198055656958714,14.009060750477406,2.7964337581515775
profit_loss,group_cv,4,B0_zero,2333,583,0.025728987993138937,9.146360849007069,0.0,-0.002828902799627331,4.687439267600685,0.7403946520899334,,0.0,0.5563380281690141,,,,
profit_loss,group_cv,4,B1_train_mean,2333,583,0.025728987993138937,9.146360849007069,-0.006269355439086244,-0.009115993635867126,4.806493533189694,0.8657816186756071,,0.44366197183098594,0.5563380281690141,,,,
profit_loss,group_cv,4,B2_group_mean,2333,583,0.025728987993138937,9.146360849007069,-0.01249264102612524,-0.015356884292926143,4.851261880071539,1.0116572354235167,0.005251279580292041,0.4859154929577465,0.5563380281690141,-1.065624106788583,1.583122119754531,-2.648746226543114,-0.0542563151624566
profit_loss,group_cv,4,B3_gbm,2333,583,0.025728987993138937,9.146360849007069,0.1849509578592915,0.18264526334214604,5.861919982216256,3.9868587390152834,0.2978156563260945,0.5669014084507042,0.5563380281690141,10.6924866184805,-2.9179952866887926,13.610481905169292,11.365799791690014
profit_loss,time_holdout,0,B0_zero,2583,333,0.006006006006006006,9.661486849894784,0.0,-0.00010240942346984028,4.8682536616041014,0.6485757236086194,,0.0,0.5317220543806647,,,,
profit_loss,time_holdout,0,B1_train_mean,2583,333,0.006006006006006006,9.661486849894784,-0.001210534755033299,-0.001313068148669494,4.92895908402711,0.7433478673428042,,0.46827794561933533,0.5317220543806647,,,,
profit_loss,time_holdout,0,B2_group_mean,2583,333,0.006006006006006006,9.661486849894784,-0.016300584163861265,-0.016404662920757485,5.0854836976722835,0.9840079705227198,-0.07173561275485035,0.48942598187311176,0.5317220543806647,-0.04542433545163379,3.0596333954673525,-3.105057730918986,-0.14908123038655136
profit_loss,time_holdout,0,B3_gbm,2583,333,0.006006006006006006,9.661486849894784,0.1959671386301548,0.19588479808837123,6.1372954051259345,4.145680624101105,0.3036509449069102,0.5589123867069486,0.5317220543806647,11.329510729974842,-4.6386089409684415,15.968119670943285,16.032955623993974
current_assets,group_cv,0,B2c_own_level,55847,13962,0.04941985388912763,1.3183092780505068,0.07663337016544036,0.07656692447377877,0.7030960563391014,0.33609429308782324,0.12173248505694477,0.5216244725738397,0.5160488245931284,0.9139211881437017,-0.15768529257580746,1.0716064807195091,0.0182382646615728
current_assets,group_cv,1,B2c_own_level,55847,13962,0.047127918636298526,1.2573678794483372,0.08257076373841721,0.08233126332192853,0.6787371877376985,0.33866822833836485,0.10777142211979085,0.5130036079374625,0.5166867107636801,0.8733532330925922,-0.12991889861478773,1.0032721317073798,0.0166004426930364
current_assets,group_cv,2,B2c_own_level,55847,13962,0.05192665807190947,1.2812201768389235,0.09693191076067242,0.09639454591579766,0.6903835898407109,0.34194692562835405,0.11413049648218607,0.5218705144670243,0.5149202991614414,0.9804103561788275,-0.0956803240052556,1.076090680184083,0.0124090735485644
current_assets,group_cv,3,B2c_own_level,55847,13962,0.04848875519266581,1.3146418307784873,0.09796308408155063,0.09706187575966518,0.6858278981598819,0.32792486166489027,0.12936796046584603,0.5256304102371095,0.5227700414000753,1.042520983440298,-0.12763656207517277,1.1701575455154707,0.0007495436597402
current_assets,group_cv,4,B2c_own_level,55848,13961,0.048134087816059025,1.2663097798545146,0.0690807459410725,0.06903061574792824,0.6909782497492832,0.34021430505020495,0.10572070260705808,0.5132064113176311,0.5242681917375273,0.8183675489723178,-0.1498907701424049,0.9682583191147227,0.0038597624292844
fixed_assets,group_cv,0,B2c_own_level,32153,8039,0.23734295310361986,1.2957778549097818,0.03188199400317493,0.031190383005067712,0.5220448917834251,0.1649450721314366,0.06648781864124921,0.6488337954656663,0.6618822378078617,0.4094801183425933,-0.10320321160673247,0.5126833299493258,0.05362811715932285
fixed_assets,group_cv,1,B2c_own_level,32153,8039,0.23784052742878467,1.3361694967962243,0.03960472568283946,0.03951885893106033,0.5080250366016511,0.16068428002108956,0.09234785249216027,0.6366900603884446,0.6631304063979109,0.5918520342806175,-0.11520315130145181,0.7070551855820693,0.01158012318614785
fixed_assets,group_cv,2,B2c_own_level,32154,8038,0.23500870863398857,1.2199323513511364,0.03878788440020575,0.038118078607416894,0.49147159520664147,0.175229055435751,0.04062536167779635,0.6433566433566433,0.667262969588551,0.48680925863828994,-0.06721399772169934,0.5540232563599893,0.0001660496126278
fixed_assets,group_cv,3,B2c_own_level,32154,8038,0.241602388653894,1.2459649598690243,0.028045710345465102,0.026737369749784134,0.5096142802479067,0.16797325705274213,0.07836936615707704,0.6291010498687664,0.6576443569553806,0.3740985477939584,-0.0755643320143036,0.44966287980826203,0.0305969392662017
fixed_assets,group_cv,4,B2c_own_level,32154,8038,0.2478228415028614,1.2807234495287896,0.04505039163038749,0.044170233344162924,0.504644825187873,0.16192550984629553,0.09674670025493609,0.6404234204432683,0.6604366523321205,0.47696424997508696,-0.1566760419556218,0.6336402919307087,0.00702311548531705
creditors_total,group_cv,0,B2c_own_level,59214,14804,0.06687381788705755,1.4816005386416473,0.07815388054010852,0.07617793363514958,0.7415491361512467,0.33770705714021354,0.1642586566282363,0.5166497755899812,0.5721007673374837,1.1235096452730127,-0.2098506060851193,1.333360251358132,0.0284716740813122
creditors_total,group_cv,1,B2c_own_level,59214,14804,0.06363145095920021,1.5522962692003615,0.09360206171966634,0.09081989572933769,0.7631811261232024,0.34522517731765745,0.16158705129448672,0.5201269658058,0.5717068244120618,1.260560249180164,-0.24870089754355876,1.5092611467237227,0.0489158002020113
creditors_total,group_cv,2,B2c_own_level,59214,14804,0.06518508511213186,1.5474962866438584,0.10249301894939333,0.10022545355430168,0.7585455599203582,0.3406567004147235,0.15194723406244542,0.5233037069152395,0.5686827082881711,1.2862652680446138,-0.1663577127932246,1.4526229808378384,0.0467087885251223
creditors_total,group_cv,3,B2c_own_level,59215,14803,0.06600013510774842,1.5657859801971898,0.09486608375209538,0.09293065447876903,0.7667617151779121,0.33599112801256276,0.15958972694116147,0.519890062201649,0.5707362939389556,1.2653824304216743,-0.20208686268531578,1.4674692931069901,0.0195022432314404
creditors_total,group_cv,4,B2c_own_level,59215,14803,0.06417618050395191,1.5180201756777227,0.09589489674907103,0.09499450380835284,0.7488594577903726,0.3313434626756191,0.1528688862119846,0.5264563632426189,0.5551144156500397,1.1731092019988087,-0.1599503755915769,1.3330595775903857,0.0306459120460287
equity,group_cv,0,B2c_own_level,63014,15754,0.12447632347340358,4.945262272758363,0.11036171965013641,0.11026221510476364,2.6067103232572104,1.2190597656692528,0.02984110752048092,0.45479591096933225,0.5346190096425724,3.925904728080875,-1.265496928187338,5.191401656268213,-0.0160072263807622
equity,group_cv,1,B2c_own_level,63014,15754,0.1300622064237654,4.9528843260635185,0.10980523819178833,0.10970745627368816,2.601012981173123,1.1761530929456177,0.04034370275052286,0.45669463699379786,0.5265961327982488,3.694348234052701,-1.5004592087900475,5.194807442842748,-0.05261839836046525
equity,group_cv,2,B2c_own_level,63014,15754,0.12707883712073123,4.934474410772142,0.11546640533814223,0.11546539547291779,2.5861725188109856,1.2125899292020879,0.04518064237309649,0.4504799301919721,0.5433391506689936,3.8710102696975106,-1.3472614960944633,5.2182717657919735,-0.0202294446210999
equity,group_cv,3,B2c_own_level,63015,15753,0.129181743160033,5.093497422167479,0.11137994476676949,0.11126451333738097,2.6794137321298117,1.198863648951778,0.035740889327312925,0.4523254118676192,0.5370316372649074,3.9601064918245963,-1.4342667684002424,5.394373260224839,-0.0274687331263532
equity,group_cv,4,B2c_own_level,63015,15753,0.12626166444486764,4.932469096597642,0.11733486212033573,0.11732916587689546,2.5907560340982476,1.2227248952523315,0.0437874224099588,0.45553618134263296,0.5353821563498983,4.018747162311253,-1.5032674460095885,5.522014608320841,-0.00911187912277075
net_assets_liabilities,group_cv,0,B2c_own_level,53600,13401,0.059547794940676066,5.113862438995266,0.11147889014616008,0.1113600266495075,2.6390033135092836,1.2257075674011193,0.03840298190351584,0.4457668809013727,0.538205189240657,3.9130983886410506,-1.6027922147605573,5.515890603401608,-0.03889400188524745
net_assets_liabilities,group_cv,1,B2c_own_level,53601,13400,0.060149253731343284,5.077176873226832,0.10713452846144422,0.10704562652319571,2.6222879340626535,1.2491300699404375,0.02741066809038233,0.4408448467524218,0.5436715896458632,3.9222675432151113,-1.3779534198053214,5.300220963020433,-0.04404125045396145
net_assets_liabilities,group_cv,2,B2c_own_level,53601,13400,0.06171641791044776,5.139101277012687,0.10608077679138217,0.10566779004476856,2.65459187809313,1.297634603901236,0.03884206989668901,0.4524775312176887,0.539489382009067,3.921788766461171,-1.413399969031495,5.3351887354926655,-0.012994753384623851
net_assets_liabilities,group_cv,3,B2c_own_level,53601,13400,0.062313432835820894,5.13772016676271,0.11327109243988287,0.11327083901688384,2.6720517798020618,1.3467066397540517,0.03704411357258427,0.44687624353362515,0.544608038201353,3.9642733061746966,-1.416427313145906,5.380700619320603,-0.02027763193896255
net_assets_liabilities,group_cv,4,B2c_own_level,53601,13400,0.06037313432835821,4.958997420068522,0.0959740369052795,0.09597250529469903,2.6126420270496102,1.2987640432657384,0.007656745366747481,0.4407116194106902,0.5405448336113097,3.591920926249219,-1.3137461986536851,4.905667124902904,-0.0498912088428564
cash,group_cv,0,B2c_own_level,25402,6351,0.03999370177924736,1.6189906938894754,0.1218924489874228,0.12188399166298225,0.9732165837717318,0.579245779696947,0.18407345655231458,0.5524028210595375,0.5053304904051172,1.5037025947961122,-0.24444344376542337,1.7481460385615355,0.4337591578719663
cash,group_cv,1,B2c_own_level,25402,6351,0.03920642418516769,1.6465243169069137,0.12124756299978845,0.12124665700235393,0.9960994806222917,0.5982736666513738,0.15930905223481606,0.5473615208128483,0.5026220911176663,1.4575671427673873,-0.24481600661584024,1.7023831493832275,0.34712336471883976
cash,group_cv,2,B2c_own_level,25402,6351,0.040938434892142966,1.666180421807319,0.11971079921661043,0.11969258272235872,1.0019035931132891,0.5809438669278175,0.19410544066924995,0.5578722705631259,0.510096864225907,1.516017138016396,-0.3355884370676654,1.8516055750840614,0.44729965193374266
cash,group_cv,3,B2c_own_level,25403,6350,0.04015748031496063,1.6580037081421533,0.11779549242283427,0.1176145060589362,0.9990182966771239,0.6019135336677279,0.20844952408700199,0.5499589827727646,0.5092698933552092,1.472707965039262,-0.391434414882301,1.864142379921563,0.466419064371232
cash,group_cv,4,B2c_own_level,25403,6350,0.042834645669291335,1.6883930911053986,0.10737180373520216,0.10736941577673298,1.0276823758043325,0.6125617013178273,0.15565063652456967,0.5491938137545245,0.5131622244159263,1.5064424426968641,-0.1967848239766492,1.7032272666735133,0.4394156747688784
debtors,group_cv,0,B2c_own_level,21294,5324,0.12021036814425244,1.5139022975777197,0.05930727053087537,0.059136561683139965,0.8346009646698341,0.41174543751040293,0.13266209249069763,0.5294619982920581,0.5339453458582408,0.9891904898836873,-0.2823155275223262,1.2715060174060135,0.0
debtors,group_cv,1,B2c_own_level,21294,5324,0.10142749812171299,1.5774418086856157,0.0962300377255173,0.09598676660868799,0.829913032194836,0.4200012478749806,0.1194856292508635,0.5227842809364549,0.5363712374581939,1.1890539133127087,-0.2495974762057983,1.438651389518507,0.0
debtors,group_cv,2,B2c_own_level,21294,5324,0.11401202103681443,1.5112586586160985,0.08381131224346705,0.08365932462288372,0.8143385235412869,0.40680749317984255,0.12620204895357123,0.5272418910324359,0.5359338562645749,1.0789889772751546,-0.18969476643298172,1.2686837437081364,0.0
debtors,group_cv,3,B2c_own_level,21295,5323,0.11271839188427578,1.5291573755163628,0.07288644863624572,0.07277448919749974,0.8355083240477716,0.41841642278044133,0.12325162514205353,0.5138683040440398,0.5375820453101842,1.0005467487436217,-0.220623556671946,1.2211703054155678,0.0
debtors,group_cv,4,B2c_own_level,21295,5323,0.11196693593838061,1.5285780548324617,0.08210680845179985,0.08043619282455916,0.8260459048429932,0.42152043929195515,0.14452167818280154,0.5227416966363444,0.5504548339327269,1.1453656905803395,-0.1733126384976407,1.3186783290779802,0.0
employees,group_cv,0,B2c_own_level,61057,15265,0.7315427448411399,0.5172679484057148,0.11334536002780693,0.09273188480757588,0.26138894819493486,0.08977581584067136,0.20387026916729092,0.6874084919472914,0.5744265495363592,0.1364052303984589,-0.4294349944512354,0.5658402248496943,0.0
employees,group_cv,1,B2c_own_level,61057,15265,0.7396659023910908,0.5194838037467644,0.13074350724090267,0.10740717982020942,0.2659465149012116,0.10259228504962586,0.19501942470074538,0.6919979869149472,0.5842979365878208,0.11507131262444766,-0.457799185145469,0.5728704977699167,0.0
employees,group_cv,2,B2c_own_level,61058,15264,0.7271357442348009,0.5197083020250167,0.13326690774507954,0.1100112453608495,0.2677378891719235,0.11285374344255339,0.17895225659630326,0.680672268907563,0.5747899159663865,0.12863672874561005,-0.4335430678801336,0.5621797966257436,0.0
employees,group_cv,3,B2c_own_level,61058,15264,0.7344732704402516,0.5211374675140386,0.14889485678085124,0.12660804547548832,0.2661697340743625,0.09473518845169364,0.19530501222629273,0.6925734024179621,0.5756229953121145,0.1378122461432468,-0.45169529570979,0.5895075418530368,0.0
employees,group_cv,4,B2c_own_level,61058,15264,0.7347353249475891,0.4978959512709275,0.11498384119482408,0.09227325159001731,0.26621937747671715,0.10140154608970801,0.20016070099106753,0.6915287725364287,0.575697703136577,0.14423271330454185,-0.40762568876276695,0.5518584020673087,0.0
total_assets_less_current_liabilities,group_cv,0,B2c_own_level,56348,14087,0.061475118903954,4.61081191701675,0.11181951003655688,0.11144740360818939,2.1822310495103094,0.8764112428293122,0.06383738218719363,0.47606081234399816,0.5156190908403298,4.032904397654943,-1.3542971395568548,5.387201537211798,-0.0244158390998894
total_assets_less_current_liabilities,group_cv,1,B2c_own_level,56348,14087,0.06395967913679279,4.694851011766202,0.11117999005956047,0.11090280985371226,2.1998467966754522,0.912179994862223,0.062303478405430456,0.4840740178977704,0.5072046109510087,4.168793873147003,-1.5590305282595693,5.727824401406572,-0.0146214390388674
total_assets_less_current_liabilities,group_cv,2,B2c_own_level,56348,14087,0.06005537019947469,4.567097889696639,0.10684131781501371,0.10641008942146613,2.164903109705949,0.8987167231131022,0.05535086764122385,0.48319613322256627,0.5057019862548146,3.7075474365794143,-1.4647634009586643,5.172310837538078,-0.0404968538301524
total_assets_less_current_liabilities,group_cv,3,B2c_own_level,56348,14087,0.06211400582096969,4.615866174701339,0.09972665591516416,0.09823113825318242,2.1662454858084064,0.8724550956087629,0.06757662043787645,0.49016046018770815,0.5025734181047532,3.60126804455901,-1.6877618005368888,5.289029845095898,-0.039285028038984
total_assets_less_current_liabilities,group_cv,4,B2c_own_level,56348,14087,0.06161709377440193,4.624864274320026,0.10846806661617914,0.10743931097427784,2.187909390628313,0.8910727212494061,0.054942750113370346,0.477872758907633,0.5099478024056283,3.7583428130034133,-1.6042824222687533,5.362625235272167,-0.0456976078242572
net_current_assets_liabilities,group_cv,0,B2c_own_level,59852,14963,0.055136002138608566,6.034988771895928,0.11542318071080115,0.11485655327706767,3.410830117278938,1.8256109814983414,0.09971488570204094,0.5086999575611826,0.5,3.862049823936143,-1.967249471136781,5.829299295072924,0.0
net_current_assets_liabilities,group_cv,1,B2c_own_level,59852,14963,0.05379937178373321,6.014222044624414,0.11410335537957461,0.1125494196614133,3.410125499892923,1.8169030402680315,0.09486860268367525,0.5130668173470829,0.5012713660121486,4.0247173189613985,-2.0256740680796668,6.050391387041065,0.0
net_current_assets_liabilities,group_cv,2,B2c_own_level,59852,14963,0.05640580097574016,5.984085560563869,0.11753121248972831,0.11515303582475067,3.40582363849067,1.8159172439333195,0.11198812623483237,0.5147673347970819,0.5041433529286776,3.7761504933406447,-2.3568185718498187,6.132969065190464,0.0143782885134502
net_current_assets_liabilities,group_cv,3,B2c_own_level,59852,14963,0.054868676067633494,6.125355714675427,0.12015016904125697,0.11918605418078554,3.45725540953782,1.8145202056580614,0.10823590367215775,0.5140715598925187,0.5072832696931127,4.0102173849606535,-2.2104932671072457,6.220710652067899,0.0
net_current_assets_liabilities,group_cv,4,B2c_own_level,59852,14963,0.053933034819220745,6.098108765648539,0.11930004642948955,0.11795482621683384,3.4116608517116855,1.7800326722568767,0.10811118775131479,0.519850240180842,0.5156823961571065,4.066749728676497,-2.2910114587544466,6.357761187430944,0.0078401028793617
profit_loss,group_cv,0,B2c_own_level,2332,584,0.030821917808219176,8.339985015671544,0.1284995281318123,0.12299568310327635,5.444514168892558,3.608561382541676,0.2638065655612277,0.5742049469964664,0.5017667844522968,6.209721868862799,-4.9304198131375445,11.140141682000344,0.8116968581635486
profit_loss,group_cv,1,B2c_own_level,2333,583,0.025728987993138937,7.820732389375643,0.06269721421563157,0.06235197964429107,5.456225420495822,3.922179640904562,0.27940623636547623,0.5985915492957746,0.5105633802816901,5.366269652248906,-1.944530724704153,7.310800376953059,0.5875269205007001
profit_loss,group_cv,2,B2c_own_level,2333,583,0.03773584905660377,8.39781882982548,0.2400221342678459,0.2398821027529161,5.363414828708239,3.900597084176841,0.3052872978292381,0.5882352941176471,0.5187165775401069,10.041916060852238,-3.0154736694874593,13.057389730339697,4.028261462859175
profit_loss,group_cv,3,B2c_own_level,2333,583,0.030874785591766724,9.021001292634429,0.17949660587987593,0.17224858040152025,5.89948256418166,3.7541851719706836,0.30409713672117045,0.584070796460177,0.511504424778761,7.114171000800878,-3.68648865212424,10.800659652925118,1.4259028966803593
profit_loss,group_cv,4,B2c_own_level,2333,583,0.025728987993138937,9.146360849007069,0.2321571040867707,0.22998495116884776,5.734466279950015,3.8719236001449726,0.32825926952117956,0.5721830985915493,0.5563380281690141,10.612562205513866,-2.0006733938348957,12.613235599348762,2.2575840058544276
