metric,n,zero_frac,skill_B3,skill_B2,spearman_B3,decile_spread,verdict
current_assets,69809,0.049,0.1008,0.0007,0.1653,1.3415,"real signal, proceed"
fixed_assets,40192,0.2399,0.0543,0.0006,0.1606,0.7733,"real signal, proceed"
creditors_total,74018,0.0652,0.16,0.0021,0.2212,1.7719,"real signal, proceed"
equity,78768,0.1274,0.1409,0.0005,0.0569,6.6877,"real signal, proceed"
net_assets_liabilities,67001,0.0608,0.1327,0.0006,0.0419,6.6932,"real signal, proceed"
cash,31753,0.0406,0.1492,-0.0002,0.2463,2.1563,"real signal, proceed"
debtors,26618,0.1121,0.1249,-0.0003,0.1986,1.577,"real signal, proceed"
employees,76322,0.7335,0.2559,0.0685,0.2807,0.7809,"real signal, proceed"
total_assets_less_current_liabilities,70435,0.0618,0.1398,0.0017,0.0875,6.5531,"real signal, proceed"
